"Strain","Shannon_Index"
"1",0.435564061360801
"171",1.7831654993528
"2",0.303065034909132
"Control",1.68018497902377
