"Strain","Shannon_Index"
"1",0.0530467774692426
"2",0.0379820155707654
