"id","MQScore"
"270602","0.0473234"
"186781","0.11407300000000001"
"280761","0.93979"
"270602","0.0473234"
"270569","0.032306"
"257078","0.0828557"
"247994","0.174304"
"257050","0.105555"
