"id","MQScore"
"186781","0.11407300000000001"
"142527","0.250612"
"257078","0.0828557"
"8982","0.019122200000000002"
"257050","0.105555"
"81728","0.7913979999999999"
