"id","MQScore"
"282170","0.927688"
"280761","0.93979"
"280761","0.93979"
"282170","0.927688"
"280761","0.93979"
"270602","0.0473234"
"270569","0.032306"
