"id","MQScore"
"253366","0.6939960000000001"
"248578","0.64332"
"228908","0.920278"
"247715","0.48508100000000004"
"81728","0.7913979999999999"
"208174","0.535177"
"228921","0.70476"
