"id","MQScore"
"189454","0.24015300000000003"
"228908","0.920278"
"257078","0.0828557"
"228921","0.70476"
