"id","MQScore"
"278036","0.745055"
"186486","0.207186"
"167655","0.80609"
"181515","0.721566"
"81523","0.106572"
"81522","0.03595159999999999"
"181517","0.799732"
"167655","0.80609"
"189577","0.198228"
"248255","0.0551377"
"270793","0.046506599999999995"
"2379","0.719827"
