"id","MQScore"
"246797","0.165388"
"218564","0.173502"
"257050","0.105555"
