"id","MQScore"
"186781","0.11407300000000001"
"972","0.137621"
"81728","0.7913979999999999"
"257078","0.0828557"
"167740","0.809021"
