"id","MQScore"
"257078","0.0828557"
"257050","0.105555"
"167677","0.9094180000000001"
"81728","0.7913979999999999"
