"id","MQScore"
"257949","0.030415300000000003"
"164361","0.0730614"
"257949","0.030415300000000003"
