"id","MQScore"
"336205","0.145561"
"257078","0.0828557"
"81728","0.7913979999999999"
"270569","0.032306"
"329379","0.0829947"
