"id","MQScore"
"246797","0.165388"
"81728","0.7913979999999999"
"257050","0.105555"
"270569","0.032306"
