"id","MQScore"
"257050","0.105555"
"270569","0.032306"
"81728","0.7913979999999999"
