"id","MQScore"
"246797","0.165388"
"326685","0.486385"
