"id","MQScore"
"164361","0.0730614"
"186781","0.11407300000000001"
"222329","0.022933500000000002"
"270569","0.032306"
"693","0.0370774"
"257078","0.0828557"
"60288","0.0819924"
"186781","0.11407300000000001"
"114585","0.11711700000000001"
"257050","0.105555"
"164361","0.0730614"
