"id","MQScore"
"257050","0.105555"
"326685","0.486385"
"257050","0.105555"
"270569","0.032306"
"257078","0.0828557"
