"id","MQScore"
"81728","0.7913979999999999"
"81728","0.7913979999999999"
