"id","MQScore"
"222329","0.022933500000000002"
"257078","0.0828557"
"60288","0.0819924"
