"id","MQScore"
"244773","0.019461199999999998"
"81844","0.099156"
"637","0.347531"
"244773","0.019461199999999998"
"270569","0.032306"
"323047","0.145504"
"257078","0.0828557"
