"id","MQScore"
"270602","0.0473234"
"142527","0.250612"
"270569","0.032306"
"270602","0.0473234"
"257078","0.0828557"
