"id","MQScore"
"257078","0.0828557"
"257050","0.105555"
"972","0.137621"
"257078","0.0828557"
"270569","0.032306"
