"id","MQScore"
"253365","0.8864620000000001"
"164445","0.41528100000000007"
"142527","0.250612"
"257078","0.0828557"
"257949","0.030415300000000003"
