"id","MQScore"
"142527","0.250612"
"270569","0.032306"
