"id","MQScore"
"280761","0.93979"
"270569","0.032306"
