"id","MQScore"
"257949","0.030415300000000003"
"270569","0.032306"
"257078","0.0828557"
