"id","MQScore"
"139530","0.274285"
"637","0.347531"
"257078","0.0828557"
