"id","MQScore"
"270602","0.0473234"
"972","0.137621"
"142527","0.250612"
"142527","0.250612"
"270569","0.032306"
"257078","0.0828557"
"247994","0.174304"
"637","0.347531"
"270602","0.0473234"
