"id","MQScore"
"247491","0.8698459999999999"
"972","0.137621"
"142527","0.250612"
"247491","0.8698459999999999"
"257078","0.0828557"
"247491","0.8698459999999999"
"332880","0.0488981"
"257050","0.105555"
"693","0.0370774"
