"id","MQScore"
"167662","0.921517"
"253365","0.8864620000000001"
"9987","0.0122821"
"228921","0.70476"
