"id","MQScore"
"247715","0.48508100000000004"
"248578","0.64332"
"253365","0.8864620000000001"
"248577","0.692401"
"228908","0.920278"
"247715","0.48508100000000004"
"228908","0.920278"
"637","0.347531"
