"id","MQScore"
"270569","0.032306"
"337620","0.0579471"
"257078","0.0828557"
"9987","0.0122821"
"336205","0.145561"
"247715","0.48508100000000004"
"208174","0.535177"
"329320","0.046713300000000006"
"228908","0.920278"
"329320","0.046713300000000006"
"336205","0.145561"
"337620","0.0579471"
"228908","0.920278"
"167677","0.9094180000000001"
"167700","0.8841200000000001"
"220450","0.0289705"
