"id","MQScore"
"270569","0.032306"
"693","0.0370774"
"257050","0.105555"
