"id","MQScore"
"248577","0.692401"
"228908","0.920278"
"248578","0.64332"
"247715","0.48508100000000004"
