"id","MQScore"
"246797","0.165388"
"142527","0.250612"
"165130","0.200954"
"270569","0.032306"
"247986","0.171544"
