"id","MQScore"
"164361","0.0730614"
"257078","0.0828557"
"270569","0.032306"
"222329","0.022933500000000002"
"693","0.0370774"
"164361","0.0730614"
