"id","MQScore"
"167677","0.9094180000000001"
"186781","0.11407300000000001"
"253365","0.8864620000000001"
"248580","0.773876"
"9987","0.0122821"
"167826","0.823815"
"167677","0.9094180000000001"
"972","0.137621"
"257078","0.0828557"
"228908","0.920278"
"228921","0.70476"
"693","0.0370774"
"81728","0.7913979999999999"
"164361","0.0730614"
"270569","0.032306"
"81969","0.11136199999999999"
"247715","0.48508100000000004"
"248577","0.692401"
