"id","MQScore"
"257050","0.105555"
"270569","0.032306"
"246797","0.165388"
