"id","MQScore"
"61038","0.305265"
"61048","0.29680300000000004"
"61031","0.21585900000000002"
"257078","0.0828557"
"222329","0.022933500000000002"
"693","0.0370774"
