"id","MQScore"
"312249","0.252181"
"321551","0.08445169999999999"
