"id","MQScore"
"186781","0.11407300000000001"
"167718","0.837362"
"264019","0.039448699999999996"
"972","0.137621"
"142527","0.250612"
"8982","0.019122200000000002"
"257078","0.0828557"
"637","0.347531"
