"id","MQScore"
"186781","0.11407300000000001"
"142527","0.250612"
"270569","0.032306"
"186781","0.11407300000000001"
"247986","0.171544"
"8982","0.019122200000000002"
