"id","MQScore"
"270569","0.032306"
"247986","0.171544"
