"id","MQScore"
"61038","0.305265"
"246797","0.165388"
"270569","0.032306"
"257050","0.105555"
