"id","MQScore"
"247491","0.8698459999999999"
"257949","0.030415300000000003"
"247491","0.8698459999999999"
