"id","MQScore"
"326695","0.486387"
"326696","0.494763"
"167807","0.879057"
"186781","0.11407300000000001"
"167890","0.816841"
"972","0.137621"
"167807","0.879057"
"326679","0.177726"
"326696","0.494763"
"326695","0.486387"
"186781","0.11407300000000001"
"8982","0.019122200000000002"
"264019","0.039448699999999996"
"257078","0.0828557"
"326695","0.486387"
