"id","MQScore"
"280761","0.93979"
"186781","0.11407300000000001"
"280761","0.93979"
"972","0.137621"
"285664","0.831219"
"693","0.0370774"
"222339","0.0160445"
"280761","0.93979"
"270569","0.032306"
