"id","MQScore"
"152008","0.346746"
"152008","0.346746"
"152007","0.33863899999999997"
"152002","0.323259"
