"id","MQScore"
"270602","0.0473234"
"270602","0.0473234"
"247986","0.171544"
