"id","MQScore"
"189256","0.0447554"
"167655","0.80609"
"167655","0.80609"
"81522","0.03595159999999999"
"298790","0.12572"
"248255","0.0551377"
"270793","0.046506599999999995"
"11252","0.0208776"
"492","0.16306500000000002"
"98096","0.0452979"
"58761","0.752887"
"119054","0.123384"
"189267","0.12401600000000002"
"200542","0.0179173"
"491","0.0976433"
"218563","0.271737"
