"id","MQScore"
"247491","0.8698459999999999"
"164445","0.41528100000000007"
"247491","0.8698459999999999"
"247492","0.71115"
