"id","MQScore"
"181495","0.06377630000000001"
"181495","0.06377630000000001"
"183530","0.138324"
"181495","0.06377630000000001"
