"id","MQScore"
"253365","0.8864620000000001"
"220480","0.067622"
"336205","0.145561"
"118890","0.326802"
"329379","0.0829947"
"323047","0.145504"
"8982","0.019122200000000002"
"81728","0.7913979999999999"
"270569","0.032306"
"257078","0.0828557"
