"id","MQScore"
"181495","0.06377630000000001"
"181495","0.06377630000000001"
"58813","0.0114444"
"181495","0.06377630000000001"
