"id","MQScore"
"186781","0.11407300000000001"
"246797","0.165388"
"81728","0.7913979999999999"
"8982","0.019122200000000002"
"257050","0.105555"
