"id","MQScore"
"152007","0.33863899999999997"
"152035","0.499565"
"152002","0.323259"
"257949","0.030415300000000003"
"270569","0.032306"
