"id","MQScore"
"189573","0.2107"
"298790","0.12572"
"189577","0.198228"
"215579","0.17236400000000002"
"248255","0.0551377"
"270793","0.046506599999999995"
"247802","0.11582999999999999"
"215575","0.184227"
"247875","0.06593860000000001"
"270798","0.0600235"
"139674","0.0725548"
