"id","MQScore"
"61666","0.0685263"
"223632","0.018853099999999998"
"81523","0.106572"
"186486","0.207186"
"81519","0.0724879"
"81522","0.03595159999999999"
"298790","0.12572"
"181902","0.8807950000000001"
"186486","0.207186"
"270793","0.046506599999999995"
"189577","0.198228"
"264786","0.0994232"
"243230","0.0184277"
"139668","0.0993689"
"253095","0.931939"
