"id","MQScore"
"118890","0.326802"
"81728","0.7913979999999999"
"8982","0.019122200000000002"
"637","0.347531"
"257078","0.0828557"
