"id","MQScore"
"167662","0.921517"
"257949","0.030415300000000003"
