"id","MQScore"
"257050","0.105555"
"247994","0.174304"
"257050","0.105555"
