"id","MQScore"
"181495","0.06377630000000001"
"270224","0.10693499999999999"
"181495","0.06377630000000001"
