"id","MQScore"
"257078","0.0828557"
"167700","0.8841200000000001"
"257050","0.105555"
