"id","MQScore"
"81728","0.7913979999999999"
"257078","0.0828557"
"257050","0.105555"
