"id","MQScore"
"9987","0.0122821"
"253365","0.8864620000000001"
"270747","0.0396644"
"167826","0.823815"
"270747","0.0396644"
"142527","0.250612"
"270569","0.032306"
"257078","0.0828557"
