"id","MQScore"
"257949","0.030415300000000003"
"264907","0.0999773"
"257050","0.105555"
