"id","MQScore"
"167662","0.921517"
"323047","0.145504"
"114585","0.11711700000000001"
"693","0.0370774"
"330078","0.0439585"
