"id","MQScore"
"257078","0.0828557"
"270569","0.032306"
"1119","0.390949"
