"id","MQScore"
"247491","0.8698459999999999"
"247491","0.8698459999999999"
"247491","0.8698459999999999"
