"id","MQScore"
"173779","0.817546"
"255473","0.289377"
"81523","0.106572"
"327587","0.517347"
"255471","0.26814899999999997"
"218563","0.271737"
"81522","0.03595159999999999"
"255475","0.299817"
"255480","0.320015"
"255496","0.164989"
"164129","0.347326"
"247875","0.06593860000000001"
"270798","0.0600235"
"270793","0.046506599999999995"
"59247","0.135915"
"170110","0.0217981"
"139674","0.0725548"
"173792","0.689546"
"298782","0.020339199999999998"
