"id","MQScore"
"257949","0.030415300000000003"
"257949","0.030415300000000003"
