"id","MQScore"
"189267","0.12401600000000002"
"189256","0.0447554"
"81522","0.03595159999999999"
"298790","0.12572"
"155481","0.0505157"
"248636","0.159028"
"92869","0.0253429"
"247799","0.058910699999999996"
"189577","0.198228"
"189256","0.0447554"
"215575","0.184227"
"270793","0.046506599999999995"
"170108","0.0379196"
