"Species","Shannon_Index"
"1",1.78929594640099
"171",1.7831654993528
"2",1.65804864237544
"Control",1.68018497902377
