"Species","Shannon_Index"
"1",0.319965551922492
"171",0.356767086594621
"2",0.295307935935136
"Control",0.385362261177748
