"UniqueFileSources","id","MQScore","cosine_score"
"H718-3-Me.mzXML","2379","0.719827",NA
"H718-3-Me.mzXML","248255","0.0551377",0.8179
"H718-3-Me.mzXML","248255","0.0551377",0.8338
"H718-3-Me.mzXML","270793","0.046506599999999995",0.9146
