"Stratum","MQScore_Count","Cosine_Score_Count"
"0.01-0.06",9,6
"0.06-0.11",6,5
"0.11-0.16",5,4
"0.16-0.21",6,11
"0.21-0.26",2,60
"0.26-0.31",5,73
"0.31-0.36",0,NA
"0.36-0.41",0,NA
"0.41-0.46",1,NA
"0.46-0.51",0,NA
"0.51-0.56",1,NA
"0.56-0.61",2,NA
"0.61-0.66",0,NA
"0.66-0.71",0,NA
"0.71-0.76",1,NA
"0.76-0.81",7,NA
"0.81-0.86",1,NA
"0.86-0.91",0,NA
"0.91-0.96",2,NA
"Shannon_Index",2.30556000928601,1.23504266284942
