"Stratum","MQScore_Count","Cosine_Score_Count"
"0.01-0.06",8,6
"0.06-0.11",14,13
"0.11-0.16",10,20
"0.16-0.21",6,22
"0.21-0.26",2,25
"0.26-0.31",3,30
"0.31-0.36",2,NA
"0.36-0.41",0,NA
"0.41-0.46",0,NA
"0.46-0.51",0,NA
"0.51-0.56",0,NA
"0.56-0.61",0,NA
"0.61-0.66",0,NA
"0.66-0.71",1,NA
"0.71-0.76",3,NA
"0.76-0.81",3,NA
"0.81-0.86",0,NA
"0.86-0.91",2,NA
"0.91-0.96",1,NA
"Shannon_Index",2.16360343296458,1.69738075163308
