"Stratum","MQScore_Count","Cosine_Score_Count"
"0.01-0.06",10,5
"0.06-0.11",7,10
"0.11-0.16",6,10
"0.16-0.21",5,8
"0.21-0.26",2,58
"0.26-0.31",4,67
"0.31-0.36",0,NA
"0.36-0.41",0,NA
"0.41-0.46",0,NA
"0.46-0.51",0,NA
"0.51-0.56",1,NA
"0.56-0.61",1,NA
"0.61-0.66",0,NA
"0.66-0.71",0,NA
"0.71-0.76",2,NA
"0.76-0.81",4,NA
"0.81-0.86",1,NA
"0.86-0.91",0,NA
"0.91-0.96",0,NA
"Shannon_Index",2.14938820959902,1.34136386931572
