"Stratum","MQScore_Count","Cosine_Score_Count"
"0.01-0.06",9,8
"0.06-0.11",7,12
"0.11-0.16",5,13
"0.16-0.21",0,22
"0.21-0.26",3,13
"0.26-0.31",2,18
"0.31-0.36",2,NA
"0.36-0.41",0,NA
"0.41-0.46",0,NA
"0.46-0.51",0,NA
"0.51-0.56",0,NA
"0.56-0.61",0,NA
"0.61-0.66",0,NA
"0.66-0.71",1,NA
"0.71-0.76",0,NA
"0.76-0.81",0,NA
"0.81-0.86",0,NA
"0.86-0.91",0,NA
"0.91-0.96",1,NA
"Shannon_Index",1.81746380200123,1.7430365864755
