"Stratum","MQScore_Count","Cosine_Score_Count"
"0.01-0.06",9,7
"0.06-0.11",6,2
"0.11-0.16",5,3
"0.16-0.21",5,5
"0.21-0.26",3,13
"0.26-0.31",1,13
"0.31-0.36",0,NA
"0.36-0.41",0,NA
"0.41-0.46",1,NA
"0.46-0.51",0,NA
"0.51-0.56",0,NA
"0.56-0.61",0,NA
"0.61-0.66",1,NA
"0.66-0.71",1,NA
"0.71-0.76",0,NA
"0.76-0.81",0,NA
"0.81-0.86",0,NA
"0.86-0.91",1,NA
"0.91-0.96",1,NA
"Shannon_Index",2.0582489363297,1.59749371739864
