"UniqueFileSources","id","MQScore","cosine_score"
"S299-3-Me.mzXML","181495","0.06377630000000001",0.7613
"S299-3-Me.mzXML","181495","0.06377630000000001",0.831
"S299-3-Me.mzXML","181495","0.06377630000000001",0.9894
"S299-3-Me.mzXML","186504","0.265034",NA
"S299-3-Me.mzXML","241037","0.0154371",NA
"S299-3-Me.mzXML","257903","0.0830758",0.7285
"S299-3-Me.mzXML","58813","0.0114444",NA
"S299-3-Me.mzXML","58819","0.0359598",NA
