"id","MQScore"
"189256","0.0447554"
"248055","0.729146"
"218339","0.208046"
"187233","0.11648399999999999"
"218563","0.271737"
"81523","0.106572"
"270569","0.032306"
"248255","0.0551377"
"218563","0.271737"
"247875","0.06593860000000001"
"218599","0.243242"
"270793","0.046506599999999995"
