"UniqueFileSources","id","MQScore","cosine_score"
"S860-3-EA.mzXML","187233","0.11648399999999999",NA
"S860-3-EA.mzXML","218339","0.208046",NA
"S860-3-EA.mzXML","218563","0.271737",0.7964
"S860-3-EA.mzXML","218563","0.271737",0.7724
"S860-3-EA.mzXML","218563","0.271737",0.7437
"S860-3-EA.mzXML","218563","0.271737",0.7976
"S860-3-EA.mzXML","81523","0.106572",0.952
"S860-3-EA.mzXML","81523","0.106572",0.9536
