"Stratum","MQScore_Count","Cosine_Score_Count"
"0.01-0.06",19,10
"0.06-0.11",20,10
"0.11-0.16",10,31
"0.16-0.21",7,11
"0.21-0.26",2,25
"0.26-0.31",2,34
"0.31-0.36",1,NA
"0.36-0.41",0,NA
"0.41-0.46",0,NA
"0.46-0.51",0,NA
"0.51-0.56",1,NA
"0.56-0.61",0,NA
"0.61-0.66",1,NA
"0.66-0.71",0,NA
"0.71-0.76",3,NA
"0.76-0.81",6,NA
"0.81-0.86",0,NA
"0.86-0.91",0,NA
"0.91-0.96",0,NA
"Shannon_Index",1.92492736273575,1.661490490569
