"Stratum","MQScore_Count","Cosine_Score_Count"
"0.01-0.06",0,0
"0.06-0.11",2,0
"0.11-0.16",3,4
"0.16-0.21",4,3
"0.21-0.26",0,22
"0.26-0.31",0,5
"0.31-0.36",0,NA
"0.36-0.41",0,NA
"0.41-0.46",0,NA
"0.46-0.51",0,NA
"0.51-0.56",0,NA
"0.56-0.61",4,NA
"0.61-0.66",4,NA
"0.66-0.71",2,NA
"0.71-0.76",4,NA
"0.76-0.81",0,NA
"0.81-0.86",1,NA
"0.86-0.91",1,NA
"0.91-0.96",0,NA
"Shannon_Index",2.08891041022171,1.02956235265918
