"Stratum","MQScore_Count","Cosine_Score_Count"
"0.01-0.06",12,5
"0.06-0.11",7,0
"0.11-0.16",4,18
"0.16-0.21",2,3
"0.21-0.26",0,38
"0.26-0.31",1,53
"0.31-0.36",0,NA
"0.36-0.41",0,NA
"0.41-0.46",0,NA
"0.46-0.51",0,NA
"0.51-0.56",1,NA
"0.56-0.61",0,NA
"0.61-0.66",1,NA
"0.66-0.71",0,NA
"0.71-0.76",3,NA
"0.76-0.81",9,NA
"0.81-0.86",2,NA
"0.86-0.91",0,NA
"0.91-0.96",0,NA
"Shannon_Index",1.95602973567401,1.240605870198
