"Stratum","MQScore_Count","Cosine_Score_Count"
"0.01-0.06",0,0
"0.06-0.11",1,2
"0.11-0.16",0,4
"0.16-0.21",0,5
"0.21-0.26",0,24
"0.26-0.31",7,12
"0.31-0.36",1,NA
"0.36-0.41",0,NA
"0.41-0.46",1,NA
"0.46-0.51",0,NA
"0.51-0.56",2,NA
"0.56-0.61",4,NA
"0.61-0.66",1,NA
"0.66-0.71",3,NA
"0.71-0.76",1,NA
"0.76-0.81",0,NA
"0.81-0.86",1,NA
"0.86-0.91",1,NA
"0.91-0.96",0,NA
"Shannon_Index",2.09859509788606,1.2741724295063
