"Stratum","MQScore_Count","Cosine_Score_Count"
"0.01-0.06",9,4
"0.06-0.11",10,2
"0.11-0.16",3,21
"0.16-0.21",1,9
"0.21-0.26",1,41
"0.26-0.31",0,53
"0.31-0.36",0,NA
"0.36-0.41",0,NA
"0.41-0.46",0,NA
"0.46-0.51",2,NA
"0.51-0.56",1,NA
"0.56-0.61",0,NA
"0.61-0.66",3,NA
"0.66-0.71",0,NA
"0.71-0.76",3,NA
"0.76-0.81",11,NA
"0.81-0.86",1,NA
"0.86-0.91",1,NA
"0.91-0.96",0,NA
"Shannon_Index",2.07969519896993,1.38043144778669
