"UniqueFileSources","id","MQScore","cosine_score"
"T150-3-EA.mzXML","152007","0.33863899999999997",NA
"T150-3-EA.mzXML","152008","0.346746",NA
"T150-3-EA.mzXML","298790","0.12572",0.9476
"T150-3-EA.mzXML","81522","0.03595159999999999",0.9693
"T150-3-EA.mzXML","81522","0.03595159999999999",0.952
