"id","MQScore"
"152008","0.346746"
"298790","0.12572"
"152007","0.33863899999999997"
"81522","0.03595159999999999"
"152008","0.346746"
"270798","0.0600235"
"152002","0.323259"
"282932","0.03553080000000001"
"270793","0.046506599999999995"
"247876","0.0781438"
"139674","0.0725548"
"247802","0.11582999999999999"
"247799","0.058910699999999996"
"248255","0.0551377"
