"id","MQScore"
"240988","0.0772106"
"154679","0.15265399999999998"
"270602","0.0473234"
"157314","0.745672"
"173779","0.817546"
"81523","0.106572"
"81522","0.03595159999999999"
"60377","0.187064"
"270793","0.046506599999999995"
"157301","0.743962"
"164039","0.12176300000000001"
"338184","0.793084"
"173779","0.817546"
"247986","0.171544"
"270602","0.0473234"
"200542","0.0179173"
