"UniqueFileSources","id","MQScore","cosine_score"
"T261-3-EA.mzXML","81522","0.03595159999999999",0.9693
"T261-3-EA.mzXML","81522","0.03595159999999999",0.952
"T261-3-EA.mzXML","81523","0.106572",0.952
"T261-3-EA.mzXML","81523","0.106572",0.9536
