"Stratum","MQScore_Count","Cosine_Score_Count"
"0.01-0.06",11,5
"0.06-0.11",7,12
"0.11-0.16",3,14
"0.16-0.21",2,19
"0.21-0.26",1,39
"0.26-0.31",4,39
"0.31-0.36",1,NA
"0.36-0.41",0,NA
"0.41-0.46",0,NA
"0.46-0.51",0,NA
"0.51-0.56",0,NA
"0.56-0.61",0,NA
"0.61-0.66",0,NA
"0.66-0.71",1,NA
"0.71-0.76",0,NA
"0.76-0.81",1,NA
"0.81-0.86",0,NA
"0.86-0.91",5,NA
"0.91-0.96",1,NA
"Shannon_Index",2.03597960783494,1.59800666254059
