"Stratum","MQScore_Count","Cosine_Score_Count"
"0.01-0.06",20,8
"0.06-0.11",16,7
"0.11-0.16",7,14
"0.16-0.21",2,11
"0.21-0.26",4,26
"0.26-0.31",2,23
"0.31-0.36",0,NA
"0.36-0.41",0,NA
"0.41-0.46",0,NA
"0.46-0.51",0,NA
"0.51-0.56",1,NA
"0.56-0.61",0,NA
"0.61-0.66",1,NA
"0.66-0.71",2,NA
"0.71-0.76",2,NA
"0.76-0.81",6,NA
"0.81-0.86",2,NA
"0.86-0.91",0,NA
"0.91-0.96",1,NA
"Shannon_Index",2.05140258845444,1.67506972987652
