"Stratum","MQScore_Count","Cosine_Score_Count"
"0.01-0.06",12,7
"0.06-0.11",7,3
"0.11-0.16",6,11
"0.16-0.21",5,8
"0.21-0.26",0,22
"0.26-0.31",0,26
"0.31-0.36",0,NA
"0.36-0.41",0,NA
"0.41-0.46",1,NA
"0.46-0.51",0,NA
"0.51-0.56",0,NA
"0.56-0.61",0,NA
"0.61-0.66",1,NA
"0.66-0.71",1,NA
"0.71-0.76",2,NA
"0.76-0.81",2,NA
"0.81-0.86",1,NA
"0.86-0.91",1,NA
"0.91-0.96",1,NA
"Shannon_Index",2.06361480559839,1.58220760099584
