"Stratum","MQScore_Count","Cosine_Score_Count"
"0.01-0.06",12,3
"0.06-0.11",12,3
"0.11-0.16",4,8
"0.16-0.21",4,8
"0.21-0.26",1,32
"0.26-0.31",3,38
"0.31-0.36",1,NA
"0.36-0.41",0,NA
"0.41-0.46",0,NA
"0.46-0.51",0,NA
"0.51-0.56",1,NA
"0.56-0.61",0,NA
"0.61-0.66",1,NA
"0.66-0.71",0,NA
"0.71-0.76",2,NA
"0.76-0.81",5,NA
"0.81-0.86",0,NA
"0.86-0.91",1,NA
"0.91-0.96",2,NA
"Shannon_Index",2.16031561169663,1.380543344896
