"id","MQScore"
"288028","0.202067"
"288030","0.275957"
"343897","0.7551399999999999"
"288032","0.23977600000000002"
"338186","0.802334"
"282932","0.03553080000000001"
"270793","0.046506599999999995"
"247875","0.06593860000000001"
"327587","0.517347"
"338184","0.793084"
"270798","0.0600235"
"247876","0.0781438"
"248255","0.0551377"
