"Stratum","MQScore_Count","Cosine_Score_Count"
"0.01-0.06",19,10
"0.06-0.11",16,6
"0.11-0.16",11,25
"0.16-0.21",4,18
"0.21-0.26",3,38
"0.26-0.31",3,24
"0.31-0.36",0,NA
"0.36-0.41",0,NA
"0.41-0.46",0,NA
"0.46-0.51",0,NA
"0.51-0.56",2,NA
"0.56-0.61",0,NA
"0.61-0.66",1,NA
"0.66-0.71",1,NA
"0.71-0.76",2,NA
"0.76-0.81",7,NA
"0.81-0.86",2,NA
"0.86-0.91",0,NA
"0.91-0.96",1,NA
"Shannon_Index",2.1016700986825,1.64887681826535
