"UniqueFileSources","id","MQScore","cosine_score"
"Y681-3-EA.mzXML","227260","0.11783199999999999",NA
"Y681-3-EA.mzXML","298790","0.12572",0.9476
"Y681-3-EA.mzXML","327587","0.517347",0.9386
"Y681-3-EA.mzXML","81522","0.03595159999999999",0.9693
"Y681-3-EA.mzXML","81522","0.03595159999999999",0.952
"Y681-3-EA.mzXML","81523","0.106572",0.952
"Y681-3-EA.mzXML","81523","0.106572",0.9536
