"UniqueFileSources","id","MQScore","cosine_score"
"Y690-3-EA.mzXML","155481","0.0505157",0.9318
"Y690-3-EA.mzXML","298790","0.12572",0.9476
"Y690-3-EA.mzXML","81522","0.03595159999999999",0.9693
"Y690-3-EA.mzXML","81522","0.03595159999999999",0.952
