"id","MQScore"
"59145","0.284445"
"343897","0.7551399999999999"
"327587","0.517347"
"298790","0.12572"
"139674","0.0725548"
"343897","0.7551399999999999"
"170108","0.0379196"
"270798","0.0600235"
"247876","0.0781438"
"248255","0.0551377"
"59145","0.284445"
