"Stratum","MQScore_Count","Cosine_Score_Count"
"0.01-0.06",24,8
"0.06-0.11",22,13
"0.11-0.16",9,24
"0.16-0.21",2,32
"0.21-0.26",1,42
"0.26-0.31",2,37
"0.31-0.36",3,NA
"0.36-0.41",0,NA
"0.41-0.46",0,NA
"0.46-0.51",0,NA
"0.51-0.56",0,NA
"0.56-0.61",0,NA
"0.61-0.66",0,NA
"0.66-0.71",1,NA
"0.71-0.76",3,NA
"0.76-0.81",3,NA
"0.81-0.86",2,NA
"0.86-0.91",5,NA
"0.91-0.96",1,NA
"Shannon_Index",1.97023664282033,1.66688933074878
