"Stratum","MQScore_Count","Cosine_Score_Count"
"0.01-0.06",5,0
"0.06-0.11",5,6
"0.11-0.16",4,3
"0.16-0.21",5,6
"0.21-0.26",0,6
"0.26-0.31",1,4
"0.31-0.36",0,NA
"0.36-0.41",0,NA
"0.41-0.46",0,NA
"0.46-0.51",0,NA
"0.51-0.56",0,NA
"0.56-0.61",0,NA
"0.61-0.66",0,NA
"0.66-0.71",0,NA
"0.71-0.76",0,NA
"0.76-0.81",2,NA
"0.81-0.86",1,NA
"0.86-0.91",0,NA
"0.91-0.96",1,NA
"Shannon_Index",1.88334380984332,1.57516843460465
