"Stratum","MQScore_Count","Cosine_Score_Count"
"0.01-0.06",11,8
"0.06-0.11",10,11
"0.11-0.16",6,12
"0.16-0.21",5,21
"0.21-0.26",0,23
"0.26-0.31",3,36
"0.31-0.36",1,NA
"0.36-0.41",0,NA
"0.41-0.46",0,NA
"0.46-0.51",0,NA
"0.51-0.56",0,NA
"0.56-0.61",0,NA
"0.61-0.66",0,NA
"0.66-0.71",1,NA
"0.71-0.76",0,NA
"0.76-0.81",2,NA
"0.81-0.86",0,NA
"0.86-0.91",3,NA
"0.91-0.96",0,NA
"Shannon_Index",1.92389787063123,1.66548263307216
