"Stratum","MQScore_Count","Cosine_Score_Count"
"0.01-0.06",13,8
"0.06-0.11",16,13
"0.11-0.16",5,18
"0.16-0.21",6,26
"0.21-0.26",3,29
"0.26-0.31",3,36
"0.31-0.36",2,NA
"0.36-0.41",0,NA
"0.41-0.46",0,NA
"0.46-0.51",0,NA
"0.51-0.56",0,NA
"0.56-0.61",0,NA
"0.61-0.66",1,NA
"0.66-0.71",1,NA
"0.71-0.76",2,NA
"0.76-0.81",2,NA
"0.81-0.86",1,NA
"0.86-0.91",0,NA
"0.91-0.96",1,NA
"Shannon_Index",2.11010054081116,1.68772416995438
