"Stratum","MQScore_Count","Cosine_Score_Count"
"0.01-0.06",12,3
"0.06-0.11",11,3
"0.11-0.16",2,11
"0.16-0.21",1,8
"0.21-0.26",1,34
"0.26-0.31",2,42
"0.31-0.36",0,NA
"0.36-0.41",0,NA
"0.41-0.46",0,NA
"0.46-0.51",0,NA
"0.51-0.56",1,NA
"0.56-0.61",1,NA
"0.61-0.66",0,NA
"0.66-0.71",2,NA
"0.71-0.76",2,NA
"0.76-0.81",8,NA
"0.81-0.86",2,NA
"0.86-0.91",1,NA
"0.91-0.96",2,NA
"Shannon_Index",2.18059629635797,1.38262115178106
