"Stratum","MQScore_Count","Cosine_Score_Count"
"0.01-0.06",11,4
"0.06-0.11",11,2
"0.11-0.16",7,7
"0.16-0.21",3,5
"0.21-0.26",1,30
"0.26-0.31",0,28
"0.31-0.36",0,NA
"0.36-0.41",0,NA
"0.41-0.46",0,NA
"0.46-0.51",0,NA
"0.51-0.56",1,NA
"0.56-0.61",0,NA
"0.61-0.66",0,NA
"0.66-0.71",1,NA
"0.71-0.76",3,NA
"0.76-0.81",5,NA
"0.81-0.86",0,NA
"0.86-0.91",0,NA
"0.91-0.96",1,NA
"Shannon_Index",1.94296394439257,1.3841849173136
