"Stratum","MQScore_Count","Cosine_Score_Count"
"0.01-0.06",10,8
"0.06-0.11",9,10
"0.11-0.16",9,18
"0.16-0.21",6,19
"0.21-0.26",2,24
"0.26-0.31",2,31
"0.31-0.36",1,NA
"0.36-0.41",0,NA
"0.41-0.46",1,NA
"0.46-0.51",0,NA
"0.51-0.56",0,NA
"0.56-0.61",1,NA
"0.61-0.66",0,NA
"0.66-0.71",2,NA
"0.71-0.76",2,NA
"0.76-0.81",2,NA
"0.81-0.86",0,NA
"0.86-0.91",3,NA
"0.91-0.96",1,NA
"Shannon_Index",2.29351663647012,1.69721390418276
