"Stratum","MQScore_Count","Cosine_Score_Count"
"0.01-0.06",10,4
"0.06-0.11",11,7
"0.11-0.16",5,21
"0.16-0.21",1,29
"0.21-0.26",3,28
"0.26-0.31",4,33
"0.31-0.36",0,NA
"0.36-0.41",0,NA
"0.41-0.46",0,NA
"0.46-0.51",0,NA
"0.51-0.56",0,NA
"0.56-0.61",0,NA
"0.61-0.66",0,NA
"0.66-0.71",1,NA
"0.71-0.76",0,NA
"0.76-0.81",3,NA
"0.81-0.86",1,NA
"0.86-0.91",2,NA
"0.91-0.96",3,NA
"Shannon_Index",2.09626074990677,1.61189338438108
