"Stratum","MQScore_Count","Cosine_Score_Count"
"0.01-0.06",4,0
"0.06-0.11",7,9
"0.11-0.16",4,1
"0.16-0.21",4,4
"0.21-0.26",0,8
"0.26-0.31",2,5
"0.31-0.36",2,NA
"0.36-0.41",0,NA
"0.41-0.46",0,NA
"0.46-0.51",1,NA
"0.51-0.56",2,NA
"0.56-0.61",1,NA
"0.61-0.66",0,NA
"0.66-0.71",0,NA
"0.71-0.76",0,NA
"0.76-0.81",1,NA
"0.81-0.86",0,NA
"0.86-0.91",1,NA
"0.91-0.96",0,NA
"Shannon_Index",2.1805445727387,1.44387684614823
