"Stratum","MQScore_Count","Cosine_Score_Count"
"0.01-0.06",13,8
"0.06-0.11",8,13
"0.11-0.16",13,3
"0.16-0.21",5,9
"0.21-0.26",3,40
"0.26-0.31",7,49
"0.31-0.36",1,NA
"0.36-0.41",0,NA
"0.41-0.46",1,NA
"0.46-0.51",0,NA
"0.51-0.56",1,NA
"0.56-0.61",2,NA
"0.61-0.66",0,NA
"0.66-0.71",0,NA
"0.71-0.76",1,NA
"0.76-0.81",1,NA
"0.81-0.86",0,NA
"0.86-0.91",0,NA
"0.91-0.96",1,NA
"Shannon_Index",2.11893008432366,1.43266772658205
