"UniqueFileSources","id","MQScore","cosine_score"
"R909-3-EA.mzXML","189573","0.2107",NA
"R909-3-EA.mzXML","189577","0.198228",NA
"R909-3-EA.mzXML","298790","0.12572",0.9476
"R909-3-EA.mzXML","81522","0.03595159999999999",0.9693
"R909-3-EA.mzXML","81522","0.03595159999999999",0.952
"R909-3-EA.mzXML","81523","0.106572",0.952
"R909-3-EA.mzXML","81523","0.106572",0.9536
