"Stratum","MQScore_Count","Cosine_Score_Count"
"0.01-0.06",10,8
"0.06-0.11",9,8
"0.11-0.16",5,17
"0.16-0.21",6,26
"0.21-0.26",1,33
"0.26-0.31",3,38
"0.31-0.36",1,NA
"0.36-0.41",0,NA
"0.41-0.46",0,NA
"0.46-0.51",0,NA
"0.51-0.56",0,NA
"0.56-0.61",0,NA
"0.61-0.66",0,NA
"0.66-0.71",2,NA
"0.71-0.76",1,NA
"0.76-0.81",1,NA
"0.81-0.86",1,NA
"0.86-0.91",1,NA
"0.91-0.96",2,NA
"Shannon_Index",2.18754792751334,1.63861733428337
