"UniqueFileSources","id","MQScore","cosine_score"
"S055-3-Bu.mzXML","183245","0.0536",0.8386
"S055-3-Bu.mzXML","227974","0.173004",0.991
"S055-3-Bu.mzXML","227974","0.173004",0.8114
"S055-3-Bu.mzXML","227974","0.173004",0.8197
"S055-3-Bu.mzXML","227978","0.114935",0.8197
"S055-3-Bu.mzXML","227978","0.114935",0.8386
"S055-3-Bu.mzXML","227978","0.114935",0.9662
"S055-3-Bu.mzXML","227979","0.105281",0.9662
"S055-3-Bu.mzXML","227979","0.105281",0.8114
