"Stratum","MQScore_Count","Cosine_Score_Count"
"0.01-0.06",1,5
"0.06-0.11",3,15
"0.11-0.16",1,14
"0.16-0.21",1,15
"0.21-0.26",2,10
"0.26-0.31",2,0
"0.31-0.36",0,NA
"0.36-0.41",1,NA
"0.41-0.46",2,NA
"0.46-0.51",1,NA
"0.51-0.56",0,NA
"0.56-0.61",1,NA
"0.61-0.66",1,NA
"0.66-0.71",0,NA
"0.71-0.76",1,NA
"0.76-0.81",2,NA
"0.81-0.86",3,NA
"0.86-0.91",0,NA
"0.91-0.96",0,NA
"Shannon_Index",2.53936739988158,1.54768406865503
