"Stratum","MQScore_Count","Cosine_Score_Count"
"0.01-0.06",1,5
"0.06-0.11",2,8
"0.11-0.16",1,14
"0.16-0.21",0,6
"0.21-0.26",0,14
"0.26-0.31",1,12
"0.31-0.36",0,NA
"0.36-0.41",1,NA
"0.41-0.46",0,NA
"0.46-0.51",0,NA
"0.51-0.56",2,NA
"0.56-0.61",0,NA
"0.61-0.66",0,NA
"0.66-0.71",0,NA
"0.71-0.76",2,NA
"0.76-0.81",4,NA
"0.81-0.86",0,NA
"0.86-0.91",0,NA
"0.91-0.96",0,NA
"Shannon_Index",1.94591014905531,1.71913466869113
