"Stratum","MQScore_Count","Cosine_Score_Count"
"0.01-0.06",9,10
"0.06-0.11",14,11
"0.11-0.16",5,14
"0.16-0.21",3,38
"0.21-0.26",2,22
"0.26-0.31",2,28
"0.31-0.36",2,NA
"0.36-0.41",0,NA
"0.41-0.46",0,NA
"0.46-0.51",0,NA
"0.51-0.56",0,NA
"0.56-0.61",0,NA
"0.61-0.66",0,NA
"0.66-0.71",1,NA
"0.71-0.76",1,NA
"0.76-0.81",2,NA
"0.81-0.86",0,NA
"0.86-0.91",3,NA
"0.91-0.96",4,NA
"Shannon_Index",2.15347096937085,1.67492877916325
