"Stratum","MQScore_Count","Cosine_Score_Count"
"0.01-0.06",6,10
"0.06-0.11",5,9
"0.11-0.16",4,16
"0.16-0.21",3,11
"0.21-0.26",1,48
"0.26-0.31",1,57
"0.31-0.36",1,NA
"0.36-0.41",0,NA
"0.41-0.46",0,NA
"0.46-0.51",0,NA
"0.51-0.56",1,NA
"0.56-0.61",0,NA
"0.61-0.66",1,NA
"0.66-0.71",1,NA
"0.71-0.76",6,NA
"0.76-0.81",11,NA
"0.81-0.86",1,NA
"0.86-0.91",2,NA
"0.91-0.96",0,NA
"Shannon_Index",2.28072463697978,1.50859963500874
