"Stratum","MQScore_Count","Cosine_Score_Count"
"0.01-0.06",12,10
"0.06-0.11",4,8
"0.11-0.16",8,4
"0.16-0.21",4,12
"0.21-0.26",0,46
"0.26-0.31",1,71
"0.31-0.36",0,NA
"0.36-0.41",0,NA
"0.41-0.46",0,NA
"0.46-0.51",0,NA
"0.51-0.56",1,NA
"0.56-0.61",0,NA
"0.61-0.66",0,NA
"0.66-0.71",2,NA
"0.71-0.76",4,NA
"0.76-0.81",7,NA
"0.81-0.86",1,NA
"0.86-0.91",0,NA
"0.91-0.96",1,NA
"Shannon_Index",2.07116004824053,1.34977509500203
