"UniqueFileSources","id","MQScore","cosine_score"
"T403-3-EA.mzXML","167655","0.80609",0.7924
"T403-3-EA.mzXML","167655","0.80609",0.7876
"T403-3-EA.mzXML","167655","0.80609",0.7613
"T403-3-EA.mzXML","298790","0.12572",0.9476
"T403-3-EA.mzXML","81522","0.03595159999999999",0.9693
"T403-3-EA.mzXML","81522","0.03595159999999999",0.952
