"Stratum","MQScore_Count","Cosine_Score_Count"
"0.01-0.06",10,10
"0.06-0.11",8,8
"0.11-0.16",7,6
"0.16-0.21",5,10
"0.21-0.26",0,43
"0.26-0.31",1,56
"0.31-0.36",0,NA
"0.36-0.41",1,NA
"0.41-0.46",0,NA
"0.46-0.51",0,NA
"0.51-0.56",1,NA
"0.56-0.61",0,NA
"0.61-0.66",3,NA
"0.66-0.71",1,NA
"0.71-0.76",2,NA
"0.76-0.81",5,NA
"0.81-0.86",1,NA
"0.86-0.91",0,NA
"0.91-0.96",2,NA
"Shannon_Index",2.24492294172386,1.42727325856251
