"Stratum","MQScore_Count","Cosine_Score_Count"
"0.01-0.06",13,12
"0.06-0.11",13,9
"0.11-0.16",8,20
"0.16-0.21",1,21
"0.21-0.26",2,35
"0.26-0.31",7,37
"0.31-0.36",5,NA
"0.36-0.41",1,NA
"0.41-0.46",2,NA
"0.46-0.51",0,NA
"0.51-0.56",1,NA
"0.56-0.61",1,NA
"0.61-0.66",1,NA
"0.66-0.71",1,NA
"0.71-0.76",3,NA
"0.76-0.81",5,NA
"0.81-0.86",3,NA
"0.86-0.91",8,NA
"0.91-0.96",1,NA
"Shannon_Index",2.50126280630141,1.67780500460226
