"Stratum","MQScore_Count","Cosine_Score_Count"
"0.01-0.06",9,2
"0.06-0.11",2,0
"0.11-0.16",2,1
"0.16-0.21",3,1
"0.21-0.26",0,22
"0.26-0.31",1,27
"0.31-0.36",1,NA
"0.36-0.41",0,NA
"0.41-0.46",0,NA
"0.46-0.51",0,NA
"0.51-0.56",1,NA
"0.56-0.61",0,NA
"0.61-0.66",0,NA
"0.66-0.71",1,NA
"0.71-0.76",1,NA
"0.76-0.81",2,NA
"0.81-0.86",0,NA
"0.86-0.91",0,NA
"0.91-0.96",1,NA
"Shannon_Index",2.04348128262336,0.982049956625335
