"Stratum","MQScore_Count","Cosine_Score_Count"
"0.01-0.06",10,8
"0.06-0.11",7,5
"0.11-0.16",7,17
"0.16-0.21",3,12
"0.21-0.26",4,18
"0.26-0.31",1,14
"0.31-0.36",0,NA
"0.36-0.41",0,NA
"0.41-0.46",1,NA
"0.46-0.51",0,NA
"0.51-0.56",0,NA
"0.56-0.61",0,NA
"0.61-0.66",1,NA
"0.66-0.71",2,NA
"0.71-0.76",2,NA
"0.76-0.81",2,NA
"0.81-0.86",3,NA
"0.86-0.91",1,NA
"0.91-0.96",2,NA
"Shannon_Index",2.35145396958295,1.71433910943707
