"Stratum","MQScore_Count","Cosine_Score_Count"
"0.01-0.06",10,2
"0.06-0.11",3,8
"0.11-0.16",5,10
"0.16-0.21",2,8
"0.21-0.26",0,19
"0.26-0.31",0,7
"0.31-0.36",0,NA
"0.36-0.41",0,NA
"0.41-0.46",0,NA
"0.46-0.51",0,NA
"0.51-0.56",1,NA
"0.56-0.61",0,NA
"0.61-0.66",0,NA
"0.66-0.71",0,NA
"0.71-0.76",1,NA
"0.76-0.81",2,NA
"0.81-0.86",1,NA
"0.86-0.91",0,NA
"0.91-0.96",1,NA
"Shannon_Index",1.82957861185398,1.63252253535155
