"Stratum","MQScore_Count","Cosine_Score_Count"
"0.01-0.06",12,7
"0.06-0.11",10,5
"0.11-0.16",10,17
"0.16-0.21",0,20
"0.21-0.26",3,14
"0.26-0.31",4,20
"0.31-0.36",1,NA
"0.36-0.41",1,NA
"0.41-0.46",0,NA
"0.46-0.51",0,NA
"0.51-0.56",0,NA
"0.56-0.61",0,NA
"0.61-0.66",0,NA
"0.66-0.71",1,NA
"0.71-0.76",0,NA
"0.76-0.81",1,NA
"0.81-0.86",0,NA
"0.86-0.91",0,NA
"0.91-0.96",3,NA
"Shannon_Index",1.9154363348842,1.6886083064558
