"UniqueFileSources","id","MQScore","cosine_score"
"Y690-3-Me.mzXML","170108","0.0379196",0.8599
"Y690-3-Me.mzXML","189256","0.0447554",0.8216
"Y690-3-Me.mzXML","189577","0.198228",NA
"Y690-3-Me.mzXML","215575","0.184227",0.8712
"Y690-3-Me.mzXML","215575","0.184227",0.8338
"Y690-3-Me.mzXML","247799","0.058910699999999996",NA
"Y690-3-Me.mzXML","248636","0.159028",0.8177
"Y690-3-Me.mzXML","270793","0.046506599999999995",0.9146
"Y690-3-Me.mzXML","92869","0.0253429",NA
