"UniqueFileSources","id","MQScore","cosine_score"
"B458-3-Me.mzXML","257050","0.105555",0.8333
"B458-3-Me.mzXML","257078","0.0828557",0.8333
"B458-3-Me.mzXML","81728","0.7913979999999999",NA
"B458-3-Me.mzXML","8982","0.019122200000000002",NA
