"UniqueFileSources","id","MQScore","cosine_score"
"B527-3-Me.mzXML","253852","0.014905700000000001",NA
"B527-3-Me.mzXML","257050","0.105555",0.8333
"B527-3-Me.mzXML","322828","0.797192",NA
"B527-3-Me.mzXML","81728","0.7913979999999999",NA
