"UniqueFileSources","id","MQScore","cosine_score"
"H898-3-Me.mzXML","186781","0.11407300000000001",NA
"H898-3-Me.mzXML","247986","0.171544",NA
"H898-3-Me.mzXML","257078","0.0828557",0.8333
"H898-3-Me.mzXML","270569","0.032306",NA
"H898-3-Me.mzXML","270602","0.0473234",NA
"H898-3-Me.mzXML","280761","0.93979",0.8743
"H898-3-Me.mzXML","280761","0.93979",0.8656
"H898-3-Me.mzXML","282170","0.927688",0.8743
"H898-3-Me.mzXML","82693","0.69004",NA
