"UniqueFileSources","id","MQScore","cosine_score"
"H941-3-Me.mzXML","167677","0.9094180000000001",0.8354
"H941-3-Me.mzXML","167677","0.9094180000000001",0.8743
"H941-3-Me.mzXML","167677","0.9094180000000001",0.8382
"H941-3-Me.mzXML","257050","0.105555",0.8333
"H941-3-Me.mzXML","257078","0.0828557",0.8333
"H941-3-Me.mzXML","81728","0.7913979999999999",NA
