"UniqueFileSources","id","MQScore","cosine_score"
"H964-3-Me.mzXML","167740","0.809021",NA
"H964-3-Me.mzXML","186781","0.11407300000000001",NA
"H964-3-Me.mzXML","253365","0.8864620000000001",NA
"H964-3-Me.mzXML","253366","0.6939960000000001",NA
"H964-3-Me.mzXML","257078","0.0828557",0.8333
"H964-3-Me.mzXML","257949","0.030415300000000003",NA
"H964-3-Me.mzXML","270569","0.032306",NA
"H964-3-Me.mzXML","81728","0.7913979999999999",NA
"H964-3-Me.mzXML","8982","0.019122200000000002",NA
