"UniqueFileSources","id","MQScore","cosine_score"
"R416-3-Bu.mzXML","167700","0.8841200000000001",0.8056
"R416-3-Bu.mzXML","167700","0.8841200000000001",0.8609
"R416-3-Bu.mzXML","167700","0.8841200000000001",0.8382
"R416-3-Bu.mzXML","220480","0.067622",NA
