"UniqueFileSources","id","MQScore","cosine_score"
"R551-3-Bu.mzXML","186781","0.11407300000000001",NA
"R551-3-Bu.mzXML","280761","0.93979",0.8743
"R551-3-Bu.mzXML","280761","0.93979",0.8656
"R551-3-Bu.mzXML","61031","0.21585900000000002",NA
"R551-3-Bu.mzXML","61038","0.305265",NA
"R551-3-Bu.mzXML","61048","0.29680300000000004",NA
"R551-3-Bu.mzXML","61072","0.340958",NA
