"UniqueFileSources","id","MQScore","cosine_score"
"S205-3-Bu.mzXML","118890","0.326802",NA
"S205-3-Bu.mzXML","186781","0.11407300000000001",NA
"S205-3-Bu.mzXML","253852","0.014905700000000001",NA
"S205-3-Bu.mzXML","345793","0.718691",NA
"S205-3-Bu.mzXML","345794","0.526123",NA
"S205-3-Bu.mzXML","346045","0.260151",NA
"S205-3-Bu.mzXML","81728","0.7913979999999999",NA
