"UniqueFileSources","id","MQScore","cosine_score"
"S205-3-Me.mzXML","253852","0.014905700000000001",NA
"S205-3-Me.mzXML","257078","0.0828557",0.8333
"S205-3-Me.mzXML","345793","0.718691",NA
"S205-3-Me.mzXML","346045","0.260151",NA
"S205-3-Me.mzXML","637","0.347531",NA
"S205-3-Me.mzXML","81728","0.7913979999999999",NA
