"UniqueFileSources","id","MQScore","cosine_score"
"S296-3-Bu.mzXML","167662","0.921517",0.8743
"S296-3-Bu.mzXML","167662","0.921517",0.8609
"S296-3-Bu.mzXML","167662","0.921517",0.8386
"S296-3-Bu.mzXML","253365","0.8864620000000001",NA
"S296-3-Bu.mzXML","9987","0.0122821",NA
