"UniqueFileSources","id","MQScore","cosine_score"
"S673-3-Bu.mzXML","228908","0.920278",NA
"S673-3-Bu.mzXML","248577","0.692401",NA
"S673-3-Bu.mzXML","248578","0.64332",NA
"S673-3-Bu.mzXML","248580","0.773876",NA
"S673-3-Bu.mzXML","253365","0.8864620000000001",NA
"S673-3-Bu.mzXML","257050","0.105555",0.8333
"S673-3-Bu.mzXML","257078","0.0828557",0.8333
