"UniqueFileSources","id","MQScore","cosine_score"
"S744-3-Me.mzXML","167677","0.9094180000000001",0.8354
"S744-3-Me.mzXML","167677","0.9094180000000001",0.8743
"S744-3-Me.mzXML","167677","0.9094180000000001",0.8382
"S744-3-Me.mzXML","167700","0.8841200000000001",0.8056
"S744-3-Me.mzXML","167700","0.8841200000000001",0.8609
"S744-3-Me.mzXML","167700","0.8841200000000001",0.8382
"S744-3-Me.mzXML","220450","0.0289705",NA
"S744-3-Me.mzXML","228908","0.920278",NA
