"UniqueFileSources","id","MQScore","cosine_score"
"S744-3-Bu.mzXML","208174","0.535177",NA
"S744-3-Bu.mzXML","228908","0.920278",NA
"S744-3-Bu.mzXML","247715","0.48508100000000004",NA
"S744-3-Bu.mzXML","257078","0.0828557",0.8333
"S744-3-Bu.mzXML","270569","0.032306",NA
"S744-3-Bu.mzXML","329320","0.046713300000000006",NA
"S744-3-Bu.mzXML","336205","0.145561",NA
"S744-3-Bu.mzXML","337620","0.0579471",NA
"S744-3-Bu.mzXML","9987","0.0122821",NA
