"UniqueFileSources","id","MQScore","cosine_score"
"S991-3-Bu.mzXML","167677","0.9094180000000001",0.8354
"S991-3-Bu.mzXML","167677","0.9094180000000001",0.8743
"S991-3-Bu.mzXML","167677","0.9094180000000001",0.8382
"S991-3-Bu.mzXML","167826","0.823815",NA
"S991-3-Bu.mzXML","186781","0.11407300000000001",NA
"S991-3-Bu.mzXML","248580","0.773876",NA
"S991-3-Bu.mzXML","253365","0.8864620000000001",NA
"S991-3-Bu.mzXML","9987","0.0122821",NA
