"UniqueFileSources","id","MQScore","cosine_score"
"S991-3-EA.mzXML","167677","0.9094180000000001",0.8354
"S991-3-EA.mzXML","167677","0.9094180000000001",0.8743
"S991-3-EA.mzXML","167677","0.9094180000000001",0.8382
"S991-3-EA.mzXML","972","0.137621",NA
