"UniqueFileSources","id","MQScore","cosine_score"
"S991-3-Me.mzXML","164361","0.0730614",NA
"S991-3-Me.mzXML","228908","0.920278",NA
"S991-3-Me.mzXML","228921","0.70476",NA
"S991-3-Me.mzXML","247715","0.48508100000000004",NA
"S991-3-Me.mzXML","248577","0.692401",NA
"S991-3-Me.mzXML","257078","0.0828557",0.8333
"S991-3-Me.mzXML","270569","0.032306",NA
"S991-3-Me.mzXML","693","0.0370774",NA
"S991-3-Me.mzXML","81728","0.7913979999999999",NA
"S991-3-Me.mzXML","81969","0.11136199999999999",NA
