"UniqueFileSources","id","MQScore","cosine_score"
"S996-3-EA.mzXML","142527","0.250612",NA
"S996-3-EA.mzXML","167662","0.921517",0.8743
"S996-3-EA.mzXML","167662","0.921517",0.8609
"S996-3-EA.mzXML","167662","0.921517",0.8386
"S996-3-EA.mzXML","167677","0.9094180000000001",0.8354
"S996-3-EA.mzXML","167677","0.9094180000000001",0.8743
"S996-3-EA.mzXML","167677","0.9094180000000001",0.8382
