"UniqueFileSources","id","MQScore","cosine_score"
"T138-3-Me.mzXML","186781","0.11407300000000001",NA
"T138-3-Me.mzXML","257078","0.0828557",0.8333
"T138-3-Me.mzXML","264019","0.039448699999999996",NA
"T138-3-Me.mzXML","326695","0.486387",NA
"T138-3-Me.mzXML","8982","0.019122200000000002",NA
