"UniqueFileSources","id","MQScore","cosine_score"
"T569-3-Me.mzXML","247986","0.171544",NA
"T569-3-Me.mzXML","257078","0.0828557",0.8333
"T569-3-Me.mzXML","270602","0.0473234",NA
"T569-3-Me.mzXML","280761","0.93979",0.8743
"T569-3-Me.mzXML","280761","0.93979",0.8656
"T569-3-Me.mzXML","282170","0.927688",0.8743
"T569-3-Me.mzXML","332880","0.0488981",NA
"T569-3-Me.mzXML","81969","0.11136199999999999",NA
