"UniqueFileSources","id","MQScore","cosine_score"
"T799-3-Me.mzXML","257078","0.0828557",0.8333
"T799-3-Me.mzXML","270569","0.032306",NA
"T799-3-Me.mzXML","323047","0.145504",NA
"T799-3-Me.mzXML","329379","0.0829947",NA
"T799-3-Me.mzXML","81728","0.7913979999999999",NA
"T799-3-Me.mzXML","8982","0.019122200000000002",NA
