"UniqueFileSources","id","MQScore","cosine_score"
"Y244-3-Me.mzXML","167700","0.8841200000000001",0.8056
"Y244-3-Me.mzXML","167700","0.8841200000000001",0.8609
"Y244-3-Me.mzXML","167700","0.8841200000000001",0.8382
"Y244-3-Me.mzXML","257050","0.105555",0.8333
