"UniqueFileSources","id","MQScore","cosine_score"
"Y282-3-EA.mzXML","114585","0.11711700000000001",NA
"Y282-3-EA.mzXML","167662","0.921517",0.8743
"Y282-3-EA.mzXML","167662","0.921517",0.8609
"Y282-3-EA.mzXML","167662","0.921517",0.8386
"Y282-3-EA.mzXML","323047","0.145504",NA
