"UniqueFileSources","id","MQScore","cosine_score"
"Y679-3-EA.mzXML","167677","0.9094180000000001",0.8354
"Y679-3-EA.mzXML","167677","0.9094180000000001",0.8743
"Y679-3-EA.mzXML","167677","0.9094180000000001",0.8382
