"UniqueFileSources","id","MQScore","cosine_score"
"Y679-3-Bu.mzXML","228908","0.920278",NA
"Y679-3-Bu.mzXML","228921","0.70476",NA
"Y679-3-Bu.mzXML","247715","0.48508100000000004",NA
"Y679-3-Bu.mzXML","248577","0.692401",NA
"Y679-3-Bu.mzXML","248580","0.773876",NA
"Y679-3-Bu.mzXML","253365","0.8864620000000001",NA
"Y679-3-Bu.mzXML","253366","0.6939960000000001",NA
"Y679-3-Bu.mzXML","261946","0.568416",NA
"Y679-3-Bu.mzXML","9987","0.0122821",NA
