"UniqueFileSources","id","MQScore","cosine_score"
"Y679-3-Me.mzXML","208174","0.535177",NA
"Y679-3-Me.mzXML","228908","0.920278",NA
"Y679-3-Me.mzXML","247715","0.48508100000000004",NA
"Y679-3-Me.mzXML","253366","0.6939960000000001",NA
"Y679-3-Me.mzXML","257050","0.105555",0.8333
"Y679-3-Me.mzXML","81728","0.7913979999999999",NA
"Y679-3-Me.mzXML","9987","0.0122821",NA
